DateTime (ISO 8601),SUBSTATION900.500VP.VM,SUBSTATION900.500VP.VA,SUBSTATION901.500VP.VM,SUBSTATION901.500VP.VA,SUBSTATION911.500VP.VM,SUBSTATION911.500VP.VA,SUBSTATION919.500VP.VM,SUBSTATION919.500VP.VA,SUBSTATION902.500VP.VM,SUBSTATION902.500VP.VA,SUBSTATION923.500VP.VM,SUBSTATION923.500VP.VA,SUBSTATION910.500VP.VM,SUBSTATION910.500VP.VA,SUBSTATION916.500VP.VM,SUBSTATION916.500VP.VA,BREAKER4730.500IP.IM,BREAKER4730.500IP.IA,BREAKER4598.500IP.IM,BREAKER4598.500IP.IA,BREAKER4594.500IP.IM,BREAKER4594.500IP.IA,BREAKER4724.500IP.IM,BREAKER4724.500IP.IA,BREAKER4588.500IP.IM,BREAKER4588.500IP.IA,BREAKER4586.500IP.IM,BREAKER4586.500IP.IA,BREAKER4731.500IP.IM,BREAKER4731.500IP.IA,BREAKER4728.500IP.IM,BREAKER4728.500IP.IA,BREAKER4732.500IP.IM,BREAKER4732.500IP.IA,TRANSFORMER1419.500IP.IM,TRANSFORMER1419.500IP.IA,SUBSTATION.L500SUBSTATION1IP.IM,SUBSTATION.L500SUBSTATION1IP.IA,SUBSTATION.L500SUBSTATION2IP.IM,SUBSTATION.L500SUBSTATION2IP.IA,SUBSTATION.L500SUBSTATION3IP.IM,SUBSTATION.L500SUBSTATION3IP.IA,SUBSTATION.L500SUBSTATION4IP.IM,SUBSTATION.L500SUBSTATION4IP.IA,SUBSTATION.L500SUBSTATION5IP.IM,SUBSTATION.L500SUBSTATION5IP.IA
2014-05-18T19:00:00.000,312690.2188,88.60189,312716.0625,88.596781,312456.2698,88.658887,315746.6404,88.342354,310183.1102,88.728918,314413.789,88.204522,314465.9053,88.493241,312696.8801,88.749093,1310.434245,110.500074,1888.386774,104.78091,1022.720374,113.075262,401.512177,-88.760986,200.756088,-88.760986,649.304337,-81.205891,940.766724,-61.406522,470.383362,-61.406522,424.832111,-44.775471,470.3833618,-61.40652203,137.0911407,-123.8964623,888.696167,95.22474888,451.0639954,102.1488532,598.8863398,-87.81370911,200.7560883,-88.7609857
2014-05-18T19:00:00.017,312683.5,88.374062,312709.5938,88.368987,312597.7211,87.974691,312060.5743,88.00632,312267.5906,88.460891,311207.4245,88.485692,309735.3063,88.404013,309961.9847,88.311133,1310.628341,110.271036,1888.290861,104.554816,1022.631068,112.85375,401.629395,-88.987188,200.814697,-88.987188,649.290041,-81.428485,940.845642,-61.635019,470.422821,-61.635019,424.768189,-44.992254,470.422821,-61.63501918,137.2067413,-124.0909725,888.7116699,94.99437343,450.9945679,101.9293514,598.587314,-88.04152432,200.8146973,-88.9871879
2014-05-18T19:00:00.033,312672.4375,88.145456,312698.0625,88.140545,312725.1251,87.984312,313721.2044,88.236535,311510.5535,88.53976,310712.8209,88.319645,314568.5769,88.359374,312577.63,88.508243,1310.598016,110.044317,1888.239913,104.329261,1022.615674,112.630805,401.714813,-89.201492,200.857407,-89.201492,649.40271,-81.642166,940.699768,-61.863796,470.349884,-61.863796,424.600926,-45.216787,470.349884,-61.86379637,137.2355652,-124.2806605,888.6903687,94.76571919,451.0655212,101.7161333,598.5580168,-88.26481121,200.8574066,-89.20149192
2014-05-18T19:00:00.050,312661.6563,87.916426,312685.375,87.911618,312721.3563,88.220073,314384.6541,87.904482,314120.8677,87.533094,315673.1398,87.76136,315246.2959,88.227932,314657.2631,87.906535,1310.44339,109.814682,1888.321676,104.097499,1022.689741,112.393591,401.719299,-89.41682,200.85965,-89.41682,649.585301,-81.858355,940.496643,-62.097409,470.248321,-62.097409,424.381115,-45.469033,470.2483215,-62.09740933,137.0948181,-124.4507458,888.6706543,94.5393394,451.2450256,101.498264,598.799894,-88.49463906,200.8596497,-89.41682046
2014-05-18T19:00:00.067,NaN,87.687574,312675.3125,87.682731,312485.6621,87.639109,313386.6205,87.768983,310783.1743,87.908512,314547.7692,87.747209,315499.3772,87.306042,313651.56,87.91829,1310.419677,109.583692,1888.494832,103.864394,1022.844484,112.153242,401.736664,-89.636131,200.868332,-89.636131,649.799686,-82.081232,940.420166,-62.332142,470.210083,-62.332142,424.23435,-45.721625,470.210083,-62.33214244,136.9754028,-124.6288089,888.65448,94.31296644,451.4481506,101.2724443,599.0065971,-88.72781344,200.8683319,-89.63613101
2014-05-18T19:00:00.083,NaN,87.459234,312667.6875,87.454302,312901.8365,87.242664,310654.8859,87.769303,310524.5922,87.591405,311580.6669,87.853861,315376.2745,87.529086,310734.7596,87.442481,1310.649056,109.357066,1888.810641,103.634619,1023.080502,111.917602,401.844391,-89.861876,200.922195,-89.861876,650.034745,-82.313331,940.548706,-62.558058,470.274353,-62.558058,424.239884,-45.954818,470.274353,-62.55805778,136.951355,-124.8288515,888.7091675,94.08833518,451.6257019,101.0371169,599.1196836,-88.96443604,200.9221954,-89.86187559
2014-05-18T19:00:00.100,NaN,87.230935,312660.0938,87.225839,312731.1932,87.416189,309657.0326,87.523155,310955.0079,87.547884,311616.4726,86.864399,315050.711,86.843981,315506.7199,87.161723,1310.98346,109.132308,1889.148764,103.403714,1023.273596,111.680563,401.976563,-90.095618,200.988281,-90.095618,650.209886,-82.552079,940.79126,-62.778577,470.39563,-62.778577,424.289209,-46.185549,470.3956299,-62.77857727,136.9240875,-125.0185941,888.8252563,93.86395663,451.7323303,100.7964689,599.1764527,-89.21110712,200.9882813,-90.09561832
2014-05-18T19:00:00.117,NaN,87.002069,312652.25,86.996816,312354.0282,86.733433,310763.2158,87.336734,310839.1489,87.172563,310816.9663,86.820619,314733.4721,86.639254,315469.9636,86.702112,1311.137373,108.899085,1889.357624,103.17267,1023.333494,111.441224,401.993927,-90.339477,200.996963,-90.339477,650.290459,-82.782338,940.962463,-63.008598,470.481232,-63.008598,424.21871,-46.432694,470.4812317,-63.00859755,136.8533325,-125.1776556,888.928894,93.64305465,451.8132629,100.5717625,599.2184858,-89.43789455,200.9969635,-90.33947657
2014-05-18T19:00:00.133,NaN,86.773107,312647.75,86.767718,312919.2067,86.825631,312956.2449,86.688844,312005.2159,86.426795,313778.7898,86.660464,315196.5535,86.677901,315172.3488,86.698112,1311.081497,108.65839,1889.388154,102.945721,1023.311874,111.206919,401.9151,-90.583526,200.95755,-90.583526,650.320413,-82.999953,940.987976,-63.249744,470.493988,-63.249744,424.062326,-46.684114,470.493988,-63.24974421,136.8153534,-125.3436292,888.9394531,93.4249189,451.8994446,100.3645209,599.202486,-89.63397554,200.95755,-90.58352606
2014-05-18T19:00:00.150,NaN,86.544897,312645.6875,86.539596,312911.7722,86.669194,311461.1991,86.218065,309541.4043,86.475002,310749.3949,86.425893,313050.9914,86.687583,311882.4024,86.639231,1310.848771,108.416049,1889.25033,102.718998,1023.205966,110.975111,401.786346,-90.816558,200.893173,-90.816558,650.328999,-83.211106,940.84198,-63.497222,470.42099,-63.497222,423.818491,-46.93539,470.42099,-63.49722245,136.801712,-125.5156816,888.8766479,93.20438575,451.9858093,100.1613023,599.176953,-89.82414113,200.8931732,-90.81655845
2014-05-18T19:00:00.167,NaN,86.316857,312640.9063,86.311762,312833.5924,85.949626,310777.223,86.48,313541.6317,86.638915,311248.9907,86.22078,315000.664,86.331461,313505.3472,86.397136,1310.634118,108.176875,1889.145141,102.486386,1023.099631,110.739761,401.659607,-91.037378,200.829804,-91.037378,650.387854,-83.425423,940.683044,-63.745063,470.341522,-63.745063,423.531313,-47.186659,470.3415222,-63.74506269,136.7966156,-125.6729126,888.8592529,92.97574517,452.1111145,99.94785201,599.2312001,-90.03888298,200.8298035,-91.03737847
2014-05-18T19:00:00.183,NaN,86.088285,312631.9063,86.083299,312364.3667,85.820962,312628.4591,86.429921,312974.8065,85.801788,313481.5578,86.239871,310800.9553,86.43563,314611.562,86.418745,1310.692534,107.942691,1889.250448,102.248147,1023.106381,110.497126,401.64743,-91.260377,200.823715,-91.260377,650.502263,-83.654333,940.715759,-63.984331,470.35788,-63.984331,423.353185,-47.437497,470.3578796,-63.98433105,136.7562561,-125.8258542,888.9327393,92.74331383,452.227356,99.71536603,599.307518,-90.2851082,200.8237152,-91.26037731
2014-05-18T19:00:00.200,NaN,85.859316,312623.5938,85.854542,312649.0447,85.577262,313305.8531,85.596486,315244.3721,85.527212,310135.9849,86.039588,314387.4181,86.224519,312082.2899,86.103392,1311.010223,107.710748,1889.417394,102.006736,1023.13102,110.24647,401.764954,-91.496859,200.882477,-91.496859,650.576201,-83.904236,940.94043,-64.213989,470.470215,-64.213989,423.311317,-47.684426,470.4702148,-64.21398933,136.6928101,-125.9860358,889.0236206,92.5133277,452.2345276,99.46047703,599.2365794,-90.55223086,200.8824768,-91.49685895
2014-05-18T19:00:00.217,NaN,85.630485,312618.8125,85.626059,312760.34,85.801177,314542.4508,85.695968,312831.6314,85.632454,309998.086,85.546417,312092.7288,85.883131,313957.1558,85.495591,1311.231368,107.473396,1889.451309,101.765964,1022.99395,109.993655,401.830505,-91.745813,200.915253,-91.745813,650.523824,-84.15975,941.138428,-64.447001,470.569214,-64.447001,423.24466,-47.931111,470.5692139,-64.44700123,136.6543579,-126.1465179,889.1221924,92.28880573,452.1456909,99.20327943,599.0842182,-90.80603174,200.9152527,-91.74581252
2014-05-18T19:00:00.233,NaN,85.401824,312615.4063,85.397425,312744.6919,85.691414,313336.8123,85.759872,310462.5326,85.350546,314132.3289,85.542454,313409.872,85.332569,314668.1095,85.470874,1311.098726,107.235459,1889.337455,101.528099,1022.688594,109.748881,401.701202,-91.999766,200.850601,-91.999766,650.378811,-84.404144,941.173523,-64.681338,470.586762,-64.681338,423.076116,-48.172422,470.5867615,-64.68133819,136.6468201,-126.3007845,889.2633057,92.06328654,452.0707703,98.96257673,599.098531,-91.04213951,200.8506012,-91.99976578
2014-05-18T19:00:00.250,NaN,85.172862,312611.3125,85.167965,312487.827,85.155793,312021.453,85.277407,310635.948,85.433984,311579.6907,85.555821,315682.1002,84.836307,313646.3219,85.307968,1310.770032,107.001733,1889.1755,101.290308,1022.388508,109.511743,401.47403,-92.245673,200.737015,-92.245673,650.230375,-84.631453,941.089111,-64.913981,470.544556,-64.913981,422.851853,-48.418356,470.5445557,-64.91398127,136.5770569,-126.4484669,889.3930054,91.82893592,452.0465088,98.74174306,599.2817395,-91.2818885,200.7370148,-92.24567308
2014-05-18T19:00:00.267,NaN,84.943374,312607.875,84.938013,312541.3816,84.933777,312427.3893,85.241332,315701.2838,84.566631,313334.4367,84.771365,310353.4031,84.545512,312942.0774,84.602772,1310.655359,106.767186,1889.035761,101.051459,1022.242805,109.273107,401.389404,-92.476964,200.694702,-92.476964,650.138652,-84.851996,941.040283,-65.151146,470.520142,-65.151146,422.669597,-48.679374,470.5201416,-65.15114593,136.4312286,-126.6044274,889.3951416,91.59122485,452.0036621,98.52554708,599.2851196,-91.52913969,200.6947021,-92.47696378
2014-05-18T19:00:00.283,NaN,84.7136,312605.5313,84.708156,312452.5848,84.727039,309526.197,84.326981,314429.0966,84.374738,312450.4212,85.070732,311765.1013,84.747232,315458.5027,84.781721,1310.86251,106.525835,1889.008951,100.813979,1022.2245,109.030462,401.503815,-92.709511,200.751907,-92.709511,650.106877,-85.080236,941.115417,-65.39441,470.557709,-65.39441,422.581853,-48.94152,470.5577087,-65.39440994,136.3314362,-126.7855094,889.3581543,91.35947653,451.9186707,98.30080653,599.0344671,-91.76535278,200.7519073,-92.70951123
2014-05-18T19:00:00.300,NaN,84.483593,312603.875,84.478314,312583.781,84.367604,312207.6716,84.145108,312033.6769,84.86867,314162.7005,84.445522,309563.6415,84.572788,315050.268,84.473599,1310.98674,106.288482,1888.960072,100.582136,1022.136901,108.793032,401.611725,-92.954408,200.805862,-92.954408,650.107602,-85.317307,941.166809,-65.626951,470.583404,-65.626951,422.497658,-49.174884,470.5834045,-65.62695056,136.3555756,-126.9734489,889.3631592,91.13494772,451.8716736,98.06845033,598.829255,-91.9904933,200.8058624,-92.95440766
2014-05-18T19:00:00.317,NaN,84.253491,312601.4375,84.248314,312702.9991,84.01095,310478.7034,84.440453,310880.6576,83.877472,313393.3631,84.207525,312680.0926,84.543131,310244.0762,84.032622,1310.755507,106.059742,1888.78468,100.35585,1021.98132,108.564982,401.604095,-93.205362,200.802048,-93.205362,650.137319,-85.54792,941.016174,-65.845503,470.508087,-65.845503,422.346608,-49.389452,470.5080872,-65.84550296,136.3801117,-127.1603502,889.3288574,90.91177812,451.9187317,97.84639405,598.8600303,-92.20839227,200.8020477,-93.20536247
2014-05-18T19:00:00.333,NaN,84.023437,312598.2188,84.018102,312351.9036,83.879706,312405.6972,84.274696,311911.0447,83.799998,311351.7043,83.809886,313315.298,83.908336,312287.1274,84.353263,1310.411,105.833175,1888.637179,100.132454,1021.902718,108.344303,401.593811,-93.446523,200.796906,-93.446523,650.206681,-85.766227,940.731262,-66.063871,470.365631,-66.063871,422.201875,-49.603523,470.3656311,-66.06387094,136.3733368,-127.3746132,889.2729492,90.68538467,452.0083923,97.63740392,599.0204878,-92.41793924,200.7969055,-93.44652279
2014-05-18T19:00:00.350,NaN,83.793089,312596.6875,83.787556,312659.8127,84.020854,314574.43,83.610149,312164.6619,84.122121,315284.1094,84.01431,310371.0812,84.070847,311348.2321,83.41406,1310.296322,105.59996,1888.61767,99.903058,1021.874499,108.115998,401.646637,-93.678708,200.823319,-93.678708,650.271472,-85.989722,940.567505,-66.295011,470.283752,-66.295011,422.091199,-49.831183,470.2837524,-66.29501137,136.3825378,-127.5927695,889.286499,90.45513899,452.053009,97.41785432,599.0830155,-92.63637336,200.8233185,-93.67870824
2014-05-18T19:00:00.367,NaN,83.562501,312596.75,83.556976,312685.786,83.211533,312891.0899,83.289245,309929.2338,83.796476,312533.3498,83.828536,310122.1953,83.524117,310244.2879,83.484482,1310.332478,105.366924,1888.564996,99.66409,1021.735957,107.872362,401.700989,-93.90978,200.850494,-93.90978,650.287766,-86.234336,940.548706,-66.527579,470.274353,-66.527579,421.956189,-50.065234,470.274353,-66.52757931,136.3960266,-127.7724034,889.3413086,90.22343165,452.0334778,97.16787623,599.0397425,-92.88984257,200.8504944,-93.90978037
2014-05-18T19:00:00.383,NaN,83.332276,312596,83.326996,312488.6437,83.412899,309729.4921,83.01014,314519.2777,83.006155,310162.6695,83.292799,315432.9874,83.53721,311451.046,83.656363,1310.353026,105.139172,1888.383275,99.423346,1021.479071,107.627757,401.710327,-94.140477,200.855164,-94.140477,650.231929,-86.483148,940.570251,-66.75413,470.285126,-66.75413,421.791386,-50.295971,470.2851257,-66.75412985,136.4062958,-127.9245937,889.3859863,89.99000994,451.960968,96.91169632,598.9360569,-93.16197309,200.8551636,-94.14047684
2014-05-18T19:00:00.400,NaN,83.102331,312593.8125,83.097386,312642.7347,83.306283,311217.5272,83.478507,310002.4735,82.937617,314571.4161,83.034429,315075.2356,83.366979,311752.9545,82.823141,1310.356724,104.907915,1888.217501,99.186572,1021.240174,107.389833,401.690155,-94.373202,200.845078,-94.373202,650.137653,-86.721622,940.596558,-66.985427,470.298279,-66.985427,421.649774,-50.528576,470.2982788,-66.98542738,136.43367,-128.0920973,889.4439087,89.75740785,451.8728943,96.67117804,598.8103981,-93.41377508,200.8450775,-94.37320188
2014-05-18T19:00:00.417,NaN,82.872215,312590.0625,82.867536,312567.4309,83.088572,309794.6943,82.49857,315061.7445,83.054577,315122.9543,82.98066,314449.4118,82.860653,314795.9944,82.738753,1310.364378,104.669363,1888.047914,98.950595,1021.036884,107.150664,401.68631,-94.613474,200.843155,-94.613474,650.039885,-86.960294,940.613098,-67.2235,470.306549,-67.2235,421.536969,-50.765823,470.3065491,-67.22350045,136.4679413,-128.2814301,889.453125,89.5271007,451.7782593,96.43389044,598.619118,-93.6481721,200.8431549,-94.61347427
2014-05-18T19:00:00.433,NaN,82.641662,312586.0313,82.637011,312675.0284,82.431828,311658.4314,82.943167,314957.5726,82.97808,313413.216,82.809163,309988.5537,82.693281,310566.5902,82.592491,1310.293313,104.430875,1887.829247,98.715064,1020.855525,106.913405,401.683899,-94.856287,200.84195,-94.856287,649.934324,-87.200192,940.558838,-67.459805,470.279419,-67.459805,421.471785,-50.999002,470.2794189,-67.45980451,136.4913483,-128.5030698,889.4009399,89.29468985,451.6760254,96.1960291,598.4519362,-93.87998689,200.8419495,-94.85628749
2014-05-18T19:00:00.450,NaN,82.410624,312585.7188,82.405672,312516.1233,82.566567,310337.9757,82.771725,310144.3373,82.793698,311586.284,82.657148,309593.3693,82.206266,310056.5662,82.030132,1310.041725,104.194861,1887.693196,98.481639,1020.730168,106.682012,401.691315,-95.09867,200.845657,-95.09867,649.896137,-87.436204,940.32373,-67.691034,470.161865,-67.691034,421.417392,-51.221306,470.1618652,-67.69103373,136.5103149,-128.7611416,889.3971558,89.06005236,451.6385498,95.96317429,598.5394162,-94.10330436,200.8456573,-95.09867042
2014-05-18T19:00:00.467,NaN,82.179286,312590.1563,82.173992,312583.6107,82.04141,311714.1185,82.055342,309918.858,81.931861,312889.7152,81.799201,314658.7384,82.518916,309551.6496,81.943978,1309.725792,103.961071,1887.74633,98.249714,1020.700743,106.451906,401.718567,-95.339318,200.859283,-95.339318,649.95494,-87.674369,940.008911,-67.918739,470.004456,-67.918739,421.39672,-51.435155,470.0044556,-67.91873858,136.538208,-129.0474085,889.4874268,88.82727268,451.6855469,95.72598231,598.8778681,-94.32075984,200.8592834,-95.33931847
2014-05-18T19:00:00.483,NaN,81.948282,312597.125,81.942838,312500.1531,82.289946,310735.5571,81.75783,312207.5158,82.058248,309984.5892,81.945301,310370.7518,81.922225,314436.4346,82.332168,1309.595519,103.737132,1887.88421,98.02004,1020.790178,106.220896,401.746826,-95.567925,200.873413,-95.567925,650.04213,-87.916168,939.869934,-68.138992,469.934967,-68.138992,421.481637,-51.650315,469.934967,-68.13899169,136.5231171,-129.3313805,889.5310059,88.59876871,451.7498474,95.47811475,599.1772705,-94.55555923,200.8734131,-95.5679249
2014-05-18T19:00:00.500,NaN,81.718152,312606.5313,81.712722,312304.9105,81.724032,311301.9122,82.078821,315037.9792,81.3922,311660.8736,82.016887,315244.0581,81.834199,311063.1264,81.407691,1309.694699,103.518783,1887.942031,97.794728,1020.935554,105.992115,401.717804,-95.784087,200.858902,-95.784087,650.001616,-88.150227,939.986816,-68.359839,469.993408,-68.359839,421.684398,-51.883232,469.9934082,-68.35983903,136.4212952,-129.6059541,889.4307861,88.37502537,451.7116394,95.23619628,599.1895311,-94.79709553,200.858902,-95.78408673
2014-05-18T19:00:00.517,NaN,81.488535,312616.7188,81.483385,312902.3127,81.285238,314177.3331,81.790218,313111.1962,81.243443,315271.7682,81.447936,315303.0437,81.832594,311717.8158,81.52359,1309.845429,103.295063,1887.929461,97.569619,1021.04524,105.764245,401.643005,-96.000856,200.821503,-96.000856,649.859246,-88.374145,940.179993,-68.589593,470.089996,-68.589593,421.874311,-52.13306,470.0899963,-68.58959293,136.2829742,-129.8649002,889.2989502,88.15066731,451.6014404,95.00931788,599.0441462,-95.02987783,200.8215027,-96.00085645
2014-05-18T19:00:00.533,NaN,81.258651,312623.3125,81.253918,312675.9002,80.940267,314435.7268,81.191358,315573.6728,81.123211,314785.6917,81.637251,310142.7445,81.136968,314526.6226,81.305551,1310.035909,103.064237,1887.914085,97.339871,1021.125338,105.535293,401.610474,-96.226068,200.805237,-96.226068,649.732679,-88.597764,940.379333,-68.825098,470.189667,-68.825098,422.014885,-52.382884,470.1896667,-68.82509785,136.1979523,-130.1119891,889.211731,87.91832477,451.4921265,94.78694741,598.8405713,-95.26343749,200.8052368,-96.22606827
2014-05-18T19:00:00.550,NaN,81.027716,312625.0938,81.023167,312503.4374,81.249082,315713.5309,81.138498,313074.4892,81.223502,310721.07,81.201352,314958.9205,80.912705,313012.8895,81.079942,1310.245039,102.830687,1887.929765,97.104694,1021.192737,105.301949,401.617157,-96.459374,200.808579,-96.459374,649.718384,-88.829152,940.579651,-69.06035,470.289825,-69.06035,422.075766,-52.623244,470.2898254,-69.06035006,136.1963654,-130.3319485,889.1728516,87.67999215,451.4758606,94.55658562,598.669064,-95.50796221,200.8085785,-96.45937387
2014-05-18T19:00:00.567,NaN,80.795783,312625.0938,80.790975,312784.215,81.113499,314980.7147,80.44303,311472.3778,80.535394,314564.9233,80.952215,312014.0283,81.002352,314362.4446,81.119514,1310.37571,102.599624,1887.978737,96.86912,1021.244779,105.068446,401.589081,-96.691252,200.79454,-96.691252,649.79151,-89.064382,940.736572,-69.293014,470.368286,-69.293014,422.07656,-52.851393,470.3682861,-69.29301362,136.2664185,-130.5389852,889.1827393,87.4416527,451.5603943,94.31900432,598.6252963,-95.75582053,200.7945404,-96.69125197
2014-05-18T19:00:00.583,NaN,80.5637,312627.6563,80.558489,312602.4197,80.580744,310794.5795,80.494682,314543.2159,80.677188,311217.538,80.454466,310348.0893,80.270052,312527.1897,80.455614,1310.310216,102.373609,1887.994611,96.63828,1021.266835,104.840385,401.511169,-96.924838,200.755585,-96.924838,649.8518,-89.299297,940.76532,-69.517781,470.38266,-69.517781,422.0943,-53.06723,470.3826599,-69.51778149,136.3338318,-130.7716351,889.1923828,87.20750698,451.6579285,94.08211287,598.7377087,-95.99437777,200.7555847,-96.92483761
2014-05-18T19:00:00.600,NaN,80.332191,312634.5938,80.326884,312498.2723,80.287076,310823.9023,80.281616,312495.0293,80.072897,313517.7521,80.544735,314465.2743,80.378094,312245.5053,80.673414,1310.125447,102.147156,1888.017408,96.413861,1021.333543,104.618273,401.460388,-97.16524,200.730194,-97.16524,649.827791,-89.532144,940.672485,-69.738786,470.336243,-69.738786,422.247455,-53.281346,470.3362427,-69.73878592,136.3286438,-131.0771768,889.1637573,86.97950161,451.6639404,93.85212674,598.9206613,-96.20852608,200.7301941,-97.16523977
2014-05-18T19:00:00.617,NaN,80.100763,312643.7188,80.095443,312835.7919,80.259525,315410.1291,79.794108,313433.5901,80.192254,312988.5716,79.771953,310325.7416,79.99828,311607.2263,80.034518,1310.022243,101.919771,1888.102603,96.193144,1021.471901,104.401152,401.473816,-97.404672,200.736908,-97.404672,649.771245,-89.762303,940.59729,-69.960344,470.298645,-69.960344,422.508688,-53.493894,470.298645,-69.96034359,136.3206635,-131.425817,889.135376,86.75304669,451.6071167,93.62660073,599.053775,-96.41051265,200.736908,-97.40467206
2014-05-18T19:00:00.633,NaN,79.868517,312652.6875,79.863114,312791.2382,80.234952,313695.838,79.780174,310850.513,80.067788,313065.7294,79.57878,312555.8251,79.827759,309846.9489,80.073855,1310.171709,101.697478,1888.3439,95.970655,1021.756849,104.185985,401.540741,-97.630116,200.770371,-97.630116,649.768571,-89.990946,940.696045,-70.180849,470.348022,-70.180849,422.865271,-53.70711,470.3480225,-70.18084942,136.3226776,-131.7793749,889.1414795,86.51952252,451.569458,93.39739324,599.1487922,-96.63287128,200.7703705,-97.63011611
2014-05-18T19:00:00.650,NaN,79.635129,312660,79.629931,312749.7575,79.730268,310096.3226,79.68993,309797.6024,79.426691,314895.4788,79.305215,314253.9946,79.608416,313839.1095,80.025501,1310.54286,101.47749,1888.667308,95.742325,1022.123603,103.963138,401.614594,-97.850649,200.807297,-97.850649,649.756812,-90.225635,940.999695,-70.401751,470.499847,-70.401751,423.294028,-53.934929,470.4998474,-70.4017514,136.2565613,-132.1160759,889.1407471,86.28143578,451.5119934,93.15751017,599.1721517,-96.88293391,200.8072968,-97.85064926
2014-05-18T19:00:00.667,NaN,79.401174,312663.5313,79.396332,312573.6138,79.033758,312594.9445,79.44842,310110.9311,79.067302,310168.8521,79.479235,315494.2912,79.145044,309625.7916,79.346394,1310.864322,101.253154,1888.868097,95.511529,1022.404228,103.732833,401.647675,-98.080424,200.823837,-98.080424,649.707336,-90.466705,941.306152,-70.625864,470.653076,-70.625864,423.666169,-54.170169,470.6530762,-70.62586357,136.1725769,-132.4295816,889.0740967,86.04673682,451.4388123,92.91227905,599.1095843,-97.13263152,200.8238373,-98.08042365
2014-05-18T19:00:00.683,NaN,79.167193,312664.4375,79.162248,312690.2981,79.390642,310504.8014,79.004933,313311.102,79.430013,315013.2648,78.960018,315405.385,79.049198,312149.6777,79.245247,1310.995462,101.017557,1888.935872,95.282397,1022.65004,103.499623,401.616455,-98.321215,200.808227,-98.321215,649.724595,-90.704652,941.480469,-70.861498,470.740234,-70.861498,423.911822,-54.408643,470.7402344,-70.86149826,136.1432953,-132.7323092,888.8846436,85.81798013,451.4732666,92.67506658,599.0046231,-97.3508713,200.8082275,-98.32121514
2014-05-18T19:00:00.700,NaN,78.932992,312665.5,78.92761,312875.3361,79.010886,315012.5487,78.719483,313511.7168,78.95716,314099.915,79.122309,311532.0931,79.19892,315027.9115,78.63817,1311.136001,100.777064,1889.057268,95.055291,1023.010753,103.268058,401.5513,-98.55784,200.77565,-98.55784,649.816759,-90.933777,941.664917,-71.10649,470.832458,-71.10649,424.1554,-54.654178,470.8324585,-71.10649032,136.1336365,-133.0431238,888.6365356,85.58998841,451.6022644,92.4477374,598.8932653,-97.55185948,200.77565,-98.55784021
2014-05-18T19:00:00.717,NaN,78.697979,312668.2813,78.69231,312529.6782,78.673054,315073.4267,78.637067,312106.7209,78.35482,312311.7916,78.561629,315299.0225,78.308463,309533.1905,79.079286,1311.409391,100.543425,1889.238213,94.82847,1023.409465,103.040378,401.521454,-98.778715,200.760727,-98.778715,649.879807,-91.16284,941.920837,-71.348142,470.960419,-71.348142,424.48335,-54.895342,470.9604187,-71.34814241,136.1315308,-133.3727624,888.430481,85.3582196,451.6743774,92.21426787,598.7612762,-97.76895489,200.7607269,-98.77871487
2014-05-18T19:00:00.733,NaN,78.462058,312672.3438,78.456532,312713.7721,78.251526,313667.7697,78.48531,313891.1298,78.436346,310841.2021,78.664811,313443.3041,78.582497,312655.3924,78.797604,1311.6608,100.318233,1889.35636,94.601863,1023.659006,102.818448,401.533752,-98.990553,200.766876,-98.990553,649.831437,-91.395713,942.115723,-71.580198,471.057861,-71.580198,424.827041,-55.12028,471.0578613,-71.58019809,136.160553,-133.71475,888.3346558,85.12284446,451.6060181,91.97272506,598.6480838,-98.00359806,200.7668762,-98.99055319
2014-05-18T19:00:00.750,NaN,78.225665,312677.5,78.220522,312892.4892,78.207983,309721.256,78.287618,310898.1052,78.442211,310523.6473,78.485608,313557.0175,78.611638,314245.2941,77.836271,1311.8199,100.091638,1889.465973,94.373411,1023.871356,102.59605,401.578705,-99.213122,200.789352,-99.213122,649.756806,-91.629583,942.220337,-71.808422,471.110168,-71.808422,425.160993,-55.345244,471.1101685,-71.80842203,136.1429749,-134.0632945,888.2733765,84.88474406,451.5019226,91.73502082,598.6173916,-98.23841135,200.7893524,-99.21312173
2014-05-18T19:00:00.767,NaN,77.989866,312683.625,77.984955,312941.1434,78.192038,315546.4107,78.085891,310038.8751,77.629199,314116.2647,78.184655,313353.0167,77.804879,313754.5462,78.090284,1311.937279,99.863123,1889.604378,94.143758,1024.164425,102.37016,401.606171,-99.447076,200.803085,-99.447076,649.767305,-91.862696,942.329712,-72.035116,471.164856,-72.035116,425.472628,-55.576227,471.164856,-72.03511601,136.0764618,-134.3956652,888.1511841,84.64667782,451.4994812,91.50252801,598.6492285,-98.4710721,200.8030853,-99.4470762
2014-05-18T19:00:00.783,NaN,77.755488,312688.6875,77.750536,312909.4572,77.632058,313600.9141,77.922755,311036.4643,77.791946,311428.8998,77.608607,309838.2839,77.890512,310670.855,78.123057,1312.0027,99.635284,1889.635352,93.914088,1024.400951,102.140499,401.548492,-99.678148,200.774246,-99.678148,649.7751,-92.094812,942.456116,-72.263907,471.228058,-72.263907,425.702049,-55.8142,471.2280579,-72.26390685,135.9944611,-134.6901147,887.9564819,84.41268237,451.5348816,91.26920192,598.630546,-98.7058735,200.7742462,-99.67814833
2014-05-18T19:00:00.800,NaN,77.521807,312689.5313,77.516773,312536.7202,77.845942,310127.0657,77.515714,310559.1826,77.453311,313095.6006,77.761278,313771.9511,77.20168,315767.1432,77.840003,1312.030661,99.404539,1889.525576,93.68201,1024.488548,101.904148,401.443756,-99.902991,200.721878,-99.902991,649.672881,-92.328883,942.557739,-72.500054,471.27887,-72.500054,425.850357,-56.065917,471.2788696,-72.50005381,135.8758392,-134.9592105,887.7415161,84.18240937,451.4781189,91.03060292,598.5064965,-98.94386557,200.7218781,-99.90299133
2014-05-18T19:00:00.817,NaN,77.28665,312686.75,77.281555,312682.3671,77.409471,311324.251,77.103052,314043.7689,77.002341,313033.0706,77.22446,315577.8462,77.50602,315112.2893,77.510822,1312.050591,99.168762,1889.445177,93.444425,1024.558236,101.660269,401.424469,-100.125669,200.712234,-100.125669,649.636861,-92.565949,942.552368,-72.741494,471.276184,-72.741494,425.898329,-56.324558,471.2761841,-72.74149417,135.7398987,-135.2111215,887.5615845,83.94952041,451.4420776,90.78729109,598.422158,-99.1874947,200.7122345,-100.1256692
2014-05-18T19:00:00.833,NaN,77.049219,312684.7813,77.04394,312516.2085,77.070156,314353.2404,76.93459,315802.567,77.439554,314014.036,77.052198,315313.4292,76.654978,313887.6764,76.990972,1312.14883,98.931113,1889.659835,93.207623,1024.856682,101.422874,401.492401,-100.350642,200.746201,-100.350642,649.732705,-92.805491,942.548462,-72.98288,471.274231,-72.98288,426.112108,-56.566736,471.274231,-72.98287989,135.6921692,-135.5413338,887.4857788,83.70979443,451.494751,90.54149307,598.5322709,-99.42100198,200.7462006,-100.3506419
2014-05-18T19:00:00.850,NaN,76.810846,312686.9063,76.805177,312875.4669,76.876886,310786.2979,76.650198,312021.8049,77.093973,315729.8679,76.51978,312139.6737,76.900959,310175.6381,76.982348,1312.303367,98.690602,1889.934185,92.974614,1025.216931,101.194237,401.545837,-100.583531,200.772919,-100.583531,649.781379,-93.039602,942.629456,-73.226103,471.314728,-73.226103,426.443545,-56.80292,471.3147278,-73.22610292,135.6992035,-135.91097,887.4370117,83.46782132,451.5162964,90.30712879,598.5992362,-99.63731468,200.7729187,-100.5835309
2014-05-18T19:00:00.867,NaN,76.57252,312690.7813,76.566748,312728.1643,76.647895,309721.5902,76.576363,309691.643,76.84003,312594.6169,76.9069,311553.648,76.39336,314989.3236,76.232657,1312.438636,98.450491,1890.031729,92.744738,1025.51852,100.966738,401.598083,-100.820573,200.799042,-100.820573,649.722955,-93.26841,942.707092,-73.467072,471.353546,-73.467072,426.779091,-57.048617,471.3535461,-73.467072,135.619339,-136.2737623,887.2589111,83.23043809,451.4377747,90.08297564,598.4923542,-99.84791878,200.7990417,-100.8205726
2014-05-18T19:00:00.883,NaN,76.334365,312692.2813,76.328887,312886.4342,76.446897,310390.6528,76.088685,313501.3579,76.606784,314231.8204,76.29705,310318.9879,76.260895,315220.4344,76.412779,1312.487859,98.21908,1890.017893,92.516902,1025.813426,100.739223,401.719879,-101.052095,200.85994,-101.052095,649.717355,-93.502572,942.64801,-73.69546,471.324005,-73.69546,427.10161,-57.28323,471.3240051,-73.69545986,135.5003662,-136.6435624,886.9661255,82.99629921,451.370636,89.84916461,598.4064056,-100.0700769,200.8599396,-101.0520955
2014-05-18T19:00:00.900,NaN,76.096517,312691.375,76.091306,312596.1697,75.799898,311747.6672,75.760467,310672.9971,76.331268,312898.1411,75.902387,314220.3066,76.483677,315206.0725,76.202043,1312.511754,97.991958,1890.080358,92.290572,1026.129578,100.512412,401.880829,-101.277635,200.940414,-101.277635,649.776543,-93.743436,942.523621,-73.918889,471.26181,-73.918889,427.441226,-57.50398,471.2618103,-73.91888901,135.4295959,-137.0331974,886.723999,82.76494021,451.3405457,89.60309338,598.4389952,-100.2941744,200.9404144,-101.2776352
2014-05-18T19:00:00.917,NaN,75.85869,312690.8438,75.853581,312757.4153,75.683969,313875.4237,76.083184,313246.0843,75.826264,315760.3297,76.090017,311529.1271,76.14988,313088.3574,75.764283,1312.56697,97.759225,1890.181642,92.062299,1026.356136,100.282046,402.016113,-101.504309,201.008057,-101.504309,649.807928,-93.981639,942.438599,-74.15061,471.219299,-74.15061,427.678542,-57.733619,471.2192993,-74.15061001,135.3827972,-137.3809223,886.5966797,82.53559612,451.297821,89.36123638,598.4533724,-100.5127046,201.0080566,-101.5043087
2014-05-18T19:00:00.933,NaN,75.620562,312692.0625,75.615494,312630.2059,75.901135,310164.6031,75.610894,312881.0943,75.610343,310334.1027,75.263039,309729.9686,75.968556,312096.8952,75.619285,1312.463449,97.524262,1890.164216,91.828131,1026.36027,100.048147,402.031647,-101.732574,201.015823,-101.732574,649.784802,-94.213483,942.30072,-74.386791,471.15036,-74.386791,427.687249,-57.972075,471.1503601,-74.38679112,135.3334961,-137.6454965,886.5770264,82.30086301,451.26474,89.1281835,598.5289603,-100.7424748,201.0158234,-101.7325736
2014-05-18T19:00:00.950,NaN,75.382605,312695.1875,75.377496,312448.7348,75.133311,312690.3098,75.424694,311716.4304,75.115691,315517.7266,75.102118,314108.2749,75.224643,310176.5813,75.301737,1312.172852,97.293035,1889.93302,91.589315,1026.181799,99.813129,401.911133,-101.95588,200.955566,-101.95588,649.703359,-94.442331,942.094543,-74.6219,471.047272,-74.6219,427.546078,-58.212156,471.0472717,-74.62189989,135.2759247,-137.8579564,886.5397339,82.05890356,451.2389526,88.89607318,598.6337557,-100.9931834,200.9555664,-101.9558798
2014-05-18T19:00:00.967,NaN,75.145338,312696.8125,75.140093,312713.8246,74.99872,310396.6491,75.055043,314043.1624,74.845893,310399.0481,75.249474,313816.0589,75.064497,312948.0454,74.746339,1311.915694,97.063616,1889.552292,91.349524,1025.97648,99.577015,401.759674,-102.178093,200.879837,-102.178093,649.536957,-94.67221,941.951294,-74.85608,470.975647,-74.85608,427.448137,-58.458798,470.975647,-74.85607976,135.1698303,-138.0713178,886.3798828,81.81503165,451.1421509,88.66226214,598.580921,-101.2547731,200.879837,-102.1780932
2014-05-18T19:00:00.983,NaN,74.908426,312696.0938,74.902996,312813.2778,75.129439,313488.8939,75.291096,311762.2611,75.181375,310327.0303,74.942183,312763.6283,74.957758,312299.3175,75.103231,1311.785127,96.831877,1889.212384,91.111759,1025.883448,99.340686,401.698578,-102.407417,200.849289,-102.407417,649.402407,-94.906056,941.86853,-75.089324,470.934265,-75.089324,427.453795,-58.704161,470.9342651,-75.08932389,135.0612335,-138.3156747,886.1411133,81.57387816,451.0348511,88.42670258,598.416544,-101.5082497,200.8492889,-102.4074168
2014-05-18T19:00:01.000,NaN,74.671139,312695.8438,74.665716,312504.4339,74.695789,312969.9678,74.829027,312965.669,74.649926,315281.4517,74.965141,314597.999,74.367893,313489.0641,74.567965,1311.676019,96.594199,1889.077442,90.874833,1025.885817,99.104231,401.720703,-102.642628,200.860352,-102.642628,649.418702,-95.145667,941.73291,-75.326386,470.866455,-75.326386,427.463982,-58.935574,470.8664551,-75.32638609,135.0703278,-138.5858906,886.0083618,81.33493766,451.0373535,88.18531003,598.3830192,-101.7431498,200.8603516,-102.642628
2014-05-18T19:00:01.017,NaN,74.433557,312696.625,74.42853,312389.074,74.320537,313345.3411,74.245917,312501.0031,74.765933,315499.0698,74.193739,315144.3979,74.239827,310889.0241,74.587086,1311.519247,96.350503,1888.994383,90.638228,1025.77562,98.867645,401.727753,-102.878235,200.863876,-102.878235,649.461281,-95.386997,941.54541,-75.57161,470.772705,-75.57161,427.359208,-59.157446,470.7727051,-75.57161037,135.2183228,-138.8361624,886.0314941,81.09959666,451.0726318,87.94124688,598.3997504,-101.9620172,200.8638763,-102.8782354
2014-05-18T19:00:01.033,NaN,74.196126,312694.0938,74.191653,312514.9212,74.520057,314597.4764,73.795028,309650.6324,73.8919,313721.6012,73.897067,315748.2729,74.479912,313544.3724,73.918931,1311.37783,96.104926,1888.758985,90.40387,1025.52545,98.633904,401.743408,-103.117681,200.871704,-103.117681,649.419649,-95.625756,941.371765,-75.817866,470.685883,-75.817866,427.194421,-59.37578,470.6858826,-75.81786601,135.41362,-139.062392,886.0409546,80.86697407,451.0238342,87.70328309,598.2236642,-102.1736875,200.8717041,-103.1176813
2014-05-18T19:00:01.050,NaN,73.959235,312689.0938,73.954925,312382.6052,73.610272,312829.0606,74.081096,310383.6661,74.068976,313068.5875,74.129578,312069.2538,73.701926,315593.5966,73.647139,1311.216897,95.86525,1888.471791,90.170947,1025.32034,98.401675,401.759888,-103.360269,200.879944,-103.360269,649.343661,-95.865378,941.207153,-76.0546,470.603577,-76.0546,427.115075,-59.59467,470.6035767,-76.05460037,135.5216522,-139.3072542,885.9568481,80.63425587,450.9418335,87.46571545,598.0477325,-102.3937094,200.8799438,-103.3602692
2014-05-18T19:00:01.067,312690.2188,73.72291,312686.2813,73.7183,312773.2539,73.940484,310192.8246,73.702325,313917.3969,73.441789,310543.9996,73.544997,311027.4438,74.079796,313896.7701,73.364171,1310.925011,95.629414,1888.273141,89.932983,1025.207864,98.160925,401.726929,-103.599462,200.863464,-103.599462,649.304539,-96.110765,940.958252,-76.287585,470.479126,-76.287585,427.073433,-59.827186,470.479126,-76.28758495,135.476532,-139.5701755,885.8528442,80.39945446,450.9148865,87.21751321,598.1462826,-102.6314804,200.8634644,-103.5994624
2014-05-18T19:00:01.083,312683.5,73.487043,312686,73.482037,312890.6056,73.284746,313801.0405,73.793569,312058.4469,73.875191,313915.0099,73.635145,310395.4397,73.7902,315065.3124,73.511417,1310.56683,95.389175,1887.956886,89.686978,1024.977603,97.907469,401.672699,-103.83981,200.83635,-103.83981,649.241523,-96.359016,940.652161,-76.526232,470.32608,-76.526232,426.875852,-60.080445,470.3260803,-76.52623176,135.3358002,-139.776174,885.7196045,80.16281572,450.8734131,86.96562266,598.2190816,-102.8853206,200.8363495,-103.8398099
2014-05-18T19:00:01.100,312672.4375,73.251498,312684.9063,73.246279,312372.1149,73.539768,314675.8085,72.916926,310940.1213,73.045186,312136.4258,73.000765,312243.3532,73.412689,315329.8487,72.968389,1310.256752,95.143383,1887.494564,89.441086,1024.610338,97.656024,401.670593,-104.08752,200.835297,-104.08752,649.147804,-96.601717,940.35321,-76.768697,470.176605,-76.768697,426.552291,-60.331579,470.1766052,-76.76869665,135.2630463,-139.9354404,885.5831909,79.92533687,450.7841797,86.72578057,598.0630019,-103.1317466,200.8352966,-104.0875204
2014-05-18T19:00:01.117,312661.6563,73.015883,312681.6875,73.010542,312840.6385,72.885002,311906.7969,73.371358,310256.1872,73.292071,313207.6964,73.094084,314784.9398,72.954544,315441.4042,72.906154,1309.976827,94.901601,1887.19127,89.201424,1024.278907,97.418038,401.698303,-104.333892,200.849152,-104.333892,649.113865,-96.838297,940.066223,-77.005561,470.033112,-77.005561,426.262971,-60.557293,470.0331116,-77.00556078,135.3321533,-140.1123696,885.6088867,79.68711354,450.7431335,86.4940664,598.0175974,-103.3649163,200.8491516,-104.3338921
2014-05-18T19:00:01.133,312652.7657,72.780419,312677.9375,72.775037,312947.9794,73.115421,309553.3877,72.446579,312250.9582,73.002578,315731.2392,72.882054,313803.4731,72.878227,312767.7335,73.058784,1309.599946,94.669316,1887.101172,88.964925,1023.948819,97.186939,401.670959,-104.57062,200.83548,-104.57062,649.158136,-97.077492,939.731689,-77.233689,469.865845,-77.233689,425.97563,-60.758272,469.8658447,-77.2336891,135.5071259,-140.2995441,885.8638306,79.45020843,450.7991333,86.25313831,598.3177394,-103.6007382,200.8354797,-104.5706197
2014-05-18T19:00:01.150,312643.0907,72.545748,312675.3438,72.54042,312875.2776,72.442204,309652.127,72.592618,311418.8738,72.858723,309660.265,72.55676,311427.915,72.902989,310643.2066,72.254139,1309.176074,94.439211,1886.920061,88.726383,1023.56059,96.949935,401.598816,-104.80064,200.799408,-104.80064,649.212453,-97.320314,939.375854,-77.462207,469.687927,-77.462207,425.611155,-60.964171,469.6879272,-77.46220674,135.6580353,-140.4565428,886.0633545,79.21568705,450.8803711,86.00345392,598.6039197,-103.8478521,200.799408,-104.8006399
2014-05-18T19:00:01.167,312633.4157,72.311718,312673.9375,72.30652,312943.4245,72.648028,311170.9912,72.152154,313544.1768,72.580188,313435.2168,72.152434,311854.0467,72.267235,314665.399,72.076573,1308.899509,94.201929,1886.544401,88.487747,1023.186957,96.710979,401.539612,-105.03497,200.769806,-105.03497,649.210346,-97.558451,939.145142,-77.69989,469.572571,-77.69989,425.261153,-61.185375,469.5725708,-77.69989049,135.7899323,-140.6017936,886.0469971,78.98074903,450.9048462,85.76296295,598.509578,-104.088822,200.7698059,-105.0349701
2014-05-18T19:00:01.183,312623.7407,72.077771,312672.0313,72.072634,312503.7873,71.973837,315439.3205,71.760796,310063.27,71.826562,310425.7884,71.945213,310638.1982,72.471201,309831.0254,71.84848,1308.829353,93.95656,1886.173937,88.251441,1022.885252,96.475997,401.501038,-105.281943,200.750519,-105.281943,649.068471,-97.790174,939.115112,-77.945128,469.557556,-77.945128,425.073965,-61.420402,469.5575562,-77.94512843,135.8920288,-140.7809495,885.9761963,78.7449709,450.7921753,85.53849562,598.1496735,-104.3119173,200.7505188,-105.2819429
2014-05-18T19:00:01.200,312614.0657,71.843823,312668.8438,71.838584,312510.0474,71.611525,312049.1727,71.444049,310058.0648,72.191934,314566.5824,71.489888,311762.8615,72.114319,310327.8537,71.641084,1308.789939,93.708405,1886.014053,88.014419,1022.633029,96.240417,401.479065,-105.53466,200.739532,-105.53466,648.9168,-98.023803,939.110291,-78.191828,469.555145,-78.191828,424.9493,-61.657711,469.5551453,-78.19182803,135.9824371,-140.9823445,886.0665894,78.50962308,450.6641235,85.31407609,597.9513886,-104.5279467,200.7395325,-105.5346599
2014-05-18T19:00:01.217,312604.3907,71.609889,312665.0313,71.604534,312687.8283,71.691364,310477.185,71.273856,314555.7303,71.367052,310049.409,71.740119,311112.8303,71.600423,315338.875,71.664375,1308.701506,93.466384,1886.088941,87.775346,1022.430576,96.003123,401.461914,-105.778498,200.730957,-105.778498,648.922512,-98.263838,939.043823,-78.432879,469.521912,-78.432879,424.775549,-61.880901,469.5219116,-78.43287907,136.1296082,-141.1742864,886.3429565,78.27338049,450.6807556,85.0754566,598.0874218,-104.7566842,200.730957,-105.7784976
2014-05-18T19:00:01.233,312594.7157,71.376119,312660.625,71.370791,312751.022,71.156292,311441.6441,71.568432,314162.86,71.365206,311597.2702,71.525118,311909.9309,71.709088,311264.8256,71.652761,1308.575852,93.234074,1886.171831,87.535888,1022.224495,95.769949,401.387817,-106.012322,200.693909,-106.012322,649.012302,-98.503103,938.990112,-78.665611,469.495056,-78.665611,424.553314,-62.088921,469.4950562,-78.66561094,136.338623,-141.3395634,886.6551514,78.03196063,450.8031921,84.83226089,598.3387597,-105.0055066,200.6939087,-106.0123223
2014-05-18T19:00:01.250,312585.0407,71.142786,312658.25,71.137677,312646.7739,70.993166,310568.818,70.777442,311946.269,70.81695,311138.9909,71.053568,310735.389,70.90233,315409.6612,71.187982,1308.424016,93.003433,1886.089838,87.296984,1022.013771,95.534701,401.280121,-106.248968,200.64006,-106.248968,649.070982,-98.741303,938.954773,-78.895686,469.477387,-78.895686,424.330783,-62.305108,469.4773865,-78.89568586,136.4731903,-141.4924913,886.7948608,77.79231661,450.9136353,84.59166064,598.4620236,-105.258723,200.6400604,-106.2489679
2014-05-18T19:00:01.267,312575.3657,70.910211,312660.0625,70.905382,312539.5727,70.702839,311873.474,70.654101,315697.8571,70.577765,309997.384,70.915933,312310.8419,70.899746,313790.331,70.707455,1308.314023,92.768373,1885.946302,87.059488,1021.808582,95.292256,401.24173,-106.497614,200.620865,-106.497614,649.098903,-98.981805,938.923706,-79.12572,469.461853,-79.12572,424.105219,-62.53725,469.461853,-79.1257198,136.4931946,-141.6340811,886.8218384,77.56276078,450.9657288,84.35405202,598.4438079,-105.5009639,200.6208649,-106.4976141
2014-05-18T19:00:01.283,312565.6907,70.678463,312663.5313,70.673743,312508.7543,70.395091,313689.9666,70.541961,313319.7682,70.430516,311240.8472,70.6627,310033.3706,70.759437,313730.577,70.441075,1308.280252,92.534606,1885.853171,86.826318,1021.584699,95.05208,401.25943,-106.751205,200.629715,-106.751205,649.071397,-99.221725,938.938416,-79.351178,469.469208,-79.351178,423.918294,-62.768531,469.4692078,-79.35117751,136.4897766,-141.7763266,886.9052124,77.34069084,450.9385986,84.12052103,598.3806932,-105.7338172,200.629715,-106.7512054
2014-05-18T19:00:01.300,312556.0157,70.447049,312665.1875,70.442261,312820.7743,70.347563,314113.0603,70.162658,311801.4824,70.486601,312727.3676,70.062662,311151.7324,70.493021,311872.8382,70.517409,1308.336776,92.302469,1885.867673,86.594992,1021.378952,94.819148,401.270477,-107.002099,200.635239,-107.002099,649.016863,-99.454773,939.045044,-79.576376,469.522522,-79.576376,423.772421,-62.995199,469.522522,-79.57637568,136.5317383,-141.9207305,887.1068115,77.11532192,450.8905334,83.8958078,598.3353719,-105.9648554,200.6352386,-107.0020987
2014-05-18T19:00:01.317,312546.3407,70.215233,312665.75,70.210253,312941.5242,70.317359,310384.3081,69.841027,314297.2022,70.442647,312029.837,70.063736,312472.0699,70.513592,314943.9695,70.244974,1308.395336,92.069678,1886.091261,86.360926,1021.324052,94.587546,401.274689,-107.245718,200.637344,-107.245718,649.078604,-99.685445,939.134216,-79.805447,469.567108,-79.805447,423.665671,-63.220182,469.5671082,-79.80544656,136.6026764,-142.0917311,887.3930054,76.88200949,450.9586792,83.67038424,598.5071293,-106.1986715,200.6373444,-107.2457179
2014-05-18T19:00:01.333,312536.6657,69.983068,312665.3438,69.977829,312551.1123,70.201048,311093.0183,69.820402,314035.3933,69.99452,309568.8497,69.862596,312221.0088,70.176837,313007.1293,69.694807,1308.388564,91.833181,1886.505205,86.12281,1021.48009,94.350443,401.326965,-107.486223,200.663483,-107.486223,649.300247,-99.921779,939.094055,-80.038896,469.547028,-80.038896,423.62673,-63.448386,469.5470276,-80.0388956,136.6389008,-142.3197502,887.6581421,76.64412083,451.1570435,83.434852,598.9291862,-106.4313302,200.6634827,-107.4862225
2014-05-18T19:00:01.350,312526.9907,69.751032,312662.125,69.745555,312411.1783,69.735628,315639.5041,69.433136,312775.3138,69.621577,310342.3791,70.091907,309640.6439,69.611147,311408.9274,69.387956,1308.442301,91.591224,1886.864168,85.883573,1021.672106,94.107109,401.417511,-107.733072,200.708756,-107.733072,649.502589,-100.163082,939.082703,-80.276914,469.541351,-80.276914,423.628111,-63.687771,469.5413513,-80.27691403,136.6260834,-142.5596264,887.8070679,76.40942187,451.3182678,83.19555632,599.2090823,-106.6590764,200.7087555,-107.7330724
2014-05-18T19:00:01.367,312517.3157,69.518997,312658.0625,69.513451,312772.4779,69.160707,313932.0972,69.854275,310215.0381,69.326823,315273.2358,69.331996,310501.3071,69.153823,314818.5576,69.50583,1308.6425,91.346602,1887.037798,85.647086,1021.763008,93.864392,401.494476,-107.987702,200.747238,-107.987702,649.617818,-100.398129,939.244934,-80.517303,469.622467,-80.517303,423.567926,-63.935327,469.622467,-80.51730254,136.6235046,-142.740845,887.8579712,76.17982506,451.4085388,82.96912872,599.130289,-106.8810799,200.7472382,-107.9877018
2014-05-18T19:00:01.383,312507.6407,69.286976,312655.5938,69.281621,312466.2055,69.592614,312203.0454,69.512275,310208.7055,69.317506,311247.9585,69.109389,313644.7683,69.170501,314413.138,69.432577,1308.926821,91.106089,1887.173766,85.412177,1021.830271,93.623494,401.550568,-108.237086,200.775284,-108.237086,649.751577,-100.626931,939.50531,-80.755328,469.752655,-80.755328,423.44112,-64.183837,469.752655,-80.7553278,136.6330261,-142.8720939,887.8955688,75.95160795,451.5282593,82.74899172,598.9529268,-107.1100411,200.7752838,-108.2370857
2014-05-18T19:00:01.400,312497.9657,69.05533,312654.3438,69.050364,312346.6271,68.953835,310428.1519,68.722702,310796.6819,68.729305,314228.9843,68.935565,313163.646,69.263186,315573.9559,68.713416,1309.290067,90.868868,1887.365259,85.176756,1021.962527,93.383878,401.596558,-108.469456,200.798279,-108.469456,649.911738,-100.857214,939.808411,-80.996229,469.904205,-80.996229,423.37186,-64.428864,469.9042053,-80.99622857,136.6877441,-143.0258688,887.93573,75.72022846,451.6669617,82.51897827,598.7819679,-107.3486164,200.7982788,-108.4694556
2014-05-18T19:00:01.417,312488.2907,68.823623,312654.5938,68.818896,312817.5958,68.76724,312395.4668,69.115221,313935.3669,68.880506,315645.2181,68.584909,310638.009,69.197045,315619.5847,69.185497,1309.77946,90.63719,1887.650838,84.943674,1022.214718,93.150106,401.631592,-108.685645,200.815796,-108.685645,650.04888,-101.086965,940.211731,-81.237013,470.105865,-81.237013,423.467946,-64.66947,470.1058655,-81.23701323,136.7646484,-143.2316077,887.9733887,75.48599395,451.7776184,82.28270837,598.6059275,-107.5933309,200.8157959,-108.6856447
2014-05-18T19:00:01.433,312478.6157,68.591533,312656.1563,68.586854,312834.1887,68.356768,313282.7486,68.607715,313831.1522,68.313965,313114.5833,68.866713,311689.3836,68.808474,313276.8293,68.415161,1310.311673,90.408202,1888.032088,84.715321,1022.590844,92.920743,401.697052,-108.902134,200.848526,-108.902134,650.19659,-101.309629,940.640137,-81.473481,470.320068,-81.473481,423.652264,-64.914451,470.3200684,-81.47348121,136.766983,-143.4592989,887.9855957,75.25542726,451.8888245,82.05703891,598.468055,-107.8283818,200.848526,-108.9021344
2014-05-18T19:00:01.450,312468.9407,68.359825,312659.5,68.355003,312612.4747,68.527622,314247.8613,68.263025,314832.6134,68.101885,312530.9858,68.648847,313430.4981,68.188409,309604.0163,68.517868,1310.733687,90.174903,1888.412681,84.488956,1022.947349,92.689631,401.770935,-109.130188,200.885468,-109.130188,650.319571,-101.527089,940.975403,-81.710325,470.487701,-81.710325,423.791546,-65.170746,470.4877014,-81.71032485,136.677063,-143.6793403,887.9956055,75.03132875,451.9823914,81.84417607,598.3891217,-108.0450511,200.8854675,-109.1301876
2014-05-18T19:00:01.467,312459.2657,68.129013,312665.875,68.123849,312674.9842,68.157033,310704.878,68.1195,313400.5779,67.848367,310283.4744,68.168661,312716.6912,68.019078,311122.8949,67.840496,1310.994991,89.938699,1888.67932,84.260183,1023.151465,92.456997,401.776245,-109.363876,200.888123,-109.363876,650.327703,-101.744088,941.221252,-81.94958,470.610626,-81.94958,423.868934,-65.432448,470.6106262,-81.94957955,136.5567017,-143.8909942,888.0432129,74.80562515,451.999054,81.63446194,598.3480677,-108.2606423,200.8881226,-109.3638757
2014-05-18T19:00:01.483,312449.5907,67.898535,312671.7813,67.893173,312512.8139,68.120036,314690.3711,67.686258,314473.6089,67.494113,312987.2241,68.165908,314781.6201,68.086902,311458.9095,68.246852,1311.135813,89.707531,1888.881866,84.027583,1023.272552,92.223992,401.713074,-109.595877,200.856537,-109.595877,650.272686,-101.968168,941.419434,-82.183411,470.709717,-82.183411,423.965504,-65.687046,470.7097168,-82.18341107,136.4334412,-144.1149151,888.1254272,74.57324845,451.9804382,81.41348483,598.4222529,-108.4962283,200.8565369,-109.5958767
2014-05-18T19:00:01.500,312439.9157,67.667538,312672.5313,67.66219,312672.6069,67.383144,310977.8153,67.724401,313468.3647,67.382202,313921.643,67.697826,310159.417,67.447598,310940.7428,67.847407,1311.223857,89.477429,1889.071782,83.791794,1023.328854,91.987343,401.651306,-109.825781,200.825653,-109.825781,650.24028,-102.202785,941.560791,-82.416075,470.780396,-82.416075,424.030156,-65.931659,470.7803955,-82.41607464,136.3670959,-144.3405299,888.2544556,74.33931447,451.9752502,81.17630651,598.5646852,-108.7425422,200.8256531,-109.8257809
2014-05-18T19:00:01.517,312430.2407,67.435346,312668.25,67.430018,312875.1127,67.24782,315205.2798,67.71085,310266.4607,67.737013,313964.635,67.41711,315525.0252,67.760358,314032.436,67.633579,1311.341568,89.243321,1889.310642,83.555827,1023.355256,91.747394,401.625214,-110.053308,200.812607,-110.053308,650.294385,-102.436451,941.67926,-82.654414,470.83963,-82.654414,423.968814,-66.176394,470.8396301,-82.65441409,136.3609924,-144.5276634,888.4433594,74.10973132,452.0379639,80.93924431,598.6993551,-108.9809407,200.8126068,-110.0533081
2014-05-18T19:00:01.533,312420.5657,67.202293,312662.9375,67.196767,312614.6614,67.216075,315497.4748,66.886559,310978.316,67.221531,311050.1788,67.306387,310476.0269,66.815638,313570.6143,67.130819,1311.536776,89.005506,1889.5773,83.318334,1023.379147,91.503857,401.651794,-110.285357,200.825897,-110.285357,650.383292,-102.671914,941.830322,-82.895342,470.915161,-82.895342,423.865068,-66.424025,470.9151611,-82.89534218,136.3690948,-144.6937053,888.6509399,73.88122735,452.1113892,80.70194987,598.7719285,-109.2180644,200.8258972,-110.285357
2014-05-18T19:00:01.550,312410.8907,66.969458,312659.0938,66.963612,312862.0171,66.883306,312668.5797,67.210408,311496.5722,67.223127,312604.5215,67.197239,314105.6892,67.194021,315322.1194,66.787146,1311.726568,88.770593,1889.747395,83.079216,1023.444347,91.26335,401.766937,-110.522303,200.883469,-110.522303,650.462252,-102.912695,941.922546,-83.12789,470.961273,-83.12789,423.863652,-66.661194,470.9612732,-83.12788963,136.3577118,-144.9056734,888.7490845,73.64415831,452.131134,80.46029778,598.7878167,-109.4680795,200.8834686,-110.5223031
2014-05-18T19:00:01.567,312401.2157,66.73715,312656.5625,66.73129,312360.233,66.441851,311607.3064,66.914386,311488.6658,66.357927,312989.8766,66.97422,315713.0755,66.839572,312910.4121,66.561168,1311.812872,88.542228,1889.782379,82.845526,1023.529266,91.038162,401.882294,-110.764037,200.941147,-110.764037,650.46107,-103.151368,941.94873,-83.348703,470.974365,-83.348703,424.033845,-66.87411,470.9743652,-83.34870282,136.3865509,-145.1966395,888.7486572,73.39984927,452.0753784,80.22436256,598.7781724,-109.7147058,200.9411469,-110.7640371
2014-05-18T19:00:01.583,312391.5407,66.504944,312655.4063,66.499432,312755.2454,66.192233,310746.1538,66.225135,315283.7946,66.773444,312284.7452,66.443921,312443.6551,66.485771,312269.2015,66.771322,1311.762606,88.315308,1889.71538,82.618608,1023.501705,90.825357,401.88681,-111.003804,200.943405,-111.003804,650.354059,-103.380274,941.936462,-83.570199,470.968231,-83.570199,424.202742,-67.07417,470.9682312,-83.57019902,136.5050507,-145.5033013,888.7852783,73.15727511,451.9736023,80.00104952,598.7604967,-109.941506,200.9434052,-111.0038041
2014-05-18T19:00:01.600,312381.8657,66.272178,312655.4375,66.267131,312686.7669,65.966609,310024.9078,66.391477,309894.4272,66.119157,313707.2916,66.417503,312406.2934,65.87296,313506.8732,66.037443,1311.614543,88.08216,1889.586114,82.390667,1023.319577,90.607947,401.762329,-111.24019,200.881165,-111.24019,650.17167,-103.603351,941.910828,-83.804338,470.955414,-83.804338,424.219059,-67.289911,470.9554138,-83.80433791,136.6292114,-145.760335,888.8884277,72.91997384,451.8615417,79.78363777,598.7376215,-110.1568693,200.8811646,-111.2401901
2014-05-18T19:00:01.617,312372.1907,66.03851,312655.75,66.033668,312836.8544,66.396018,310553.4898,65.67951,313902.1609,66.236456,315368.8971,65.874903,313319.7509,65.697322,310880.8673,65.947047,1311.39228,87.846781,1889.423892,82.156615,1023.063319,90.378097,401.552643,-111.477894,200.776321,-111.477894,649.945192,-103.829942,941.884399,-84.042807,470.9422,-84.042807,424.142243,-67.528877,470.9421997,-84.04280713,136.6347656,-145.971825,888.9953613,72.68461235,451.7458191,79.56104874,598.7808605,-110.3848747,200.7763214,-111.4778943
2014-05-18T19:00:01.633,312362.5157,65.804474,312655.1875,65.799522,312810.9844,65.666325,313485.5756,65.646318,312663.2822,65.682408,313606.6911,65.400433,315502.78,65.771325,309814.1715,66.156649,1311.156428,87.615021,1889.381469,81.921444,1022.925298,90.138608,401.378357,-111.723931,200.689179,-111.723931,649.77871,-104.067152,941.851685,-84.272028,470.925842,-84.272028,424.133229,-67.777483,470.9258423,-84.27202828,136.4882965,-146.1913199,889.0615845,72.45642939,451.6710815,79.32682106,598.9878808,-110.6209585,200.6891785,-111.7239314
